{
  "id": "hi",
  "title": "\u0939\u093f\u0928\u094d\u0926\u0940",
  "mappings": {
    "sl,s": {
      "\u00c012": "\u0912\u090d\u0945",
      "3": "\u094d\u0930",
      "4": "\u0930\u094d",
      "5": "\u091c\u094d\u091e",
      "6": "\u0924\u094d\u0930",
      "7": "\u0915\u094d\u0937",
      "8": "\u0936\u094d\u0930",
      "90-=": "()\u0903\u090b",
      "QWERTYUIOP\u00db\u00dd\u00dc":
          "\u0914\u0910\u0906\u0908\u090a\u092d\u0919\u0918\u0927\u091d\u0922\u091e\u0911",
      "ASDFGHJKL;\u00de":
          "\u0913\u090f\u0905\u0907\u0909\u092b\u0931\u0916\u0925\u091b\u0920",
      "ZXCVBNM\u00bc\u00be\u00bf":
          "\u090e\u0901\u0923\u0929\u0934\u0933\u0936\u0937\u0964\u095f"
    },
    "scl,sc,cl,c": {
      "1234567890=":
          "\u0967\u0968\u0969\u096a\u096b\u096c\u096d\u096e\u096f\u0966\u0944",
      "R": "\u0963",
      "I": "\u095a",
      "P": "\u095b",
      "\u00db": "\u095c",
      "F": "\u0962",
      "K": "\u0958",
      ";": "\u0952" ,
      "Z": "\u0953",
      "C": "\u0954",
      "\u00bc": "\u0970",
      "\u00be": "\u0965"
    },
    "scl,sc": {
      "=": "\u0960",
      "R": "\u0961",
      "\u00db": "\u095d" ,
      "F": "\u090c",
      "H": "\u095e",
      "K": "\u0959",
      "\u00de": "\u0951",
      "X": "\u0950",
      "\u00be": "\u093d"
    },
    "l,": {
      "":
          "\u094a1234567890-\u0943\u094c\u0948\u093e\u0940\u0942\u092c\u0939\u0917\u0926\u091c\u0921\u093c\u0949\u094b\u0947\u094d\u093f\u0941\u092a\u0930\u0915\u0924\u091a\u091f\u0946\u0902\u092e\u0928\u0935\u0932\u0938,.\u092f"
    }
  }
}


